[
  {
    "id": "1",
    "img": "https://m.media-amazon.com/images/I/51EuysBM-SS._AC_SF480,480_.jpg",
    "h5": "Great Gatsby",
    "p": "by F. Scott Fitzgerald",
    "small": "A classic novel set in the Jazz Age, exploring themes of wealth and illusion."
  },
  {
    "id": "2",
    "img": "https://m.media-amazon.com/images/I/31ZyhqZrqdL._AC_SF480,480_.jpg",
    "h5": "The Great Gatsby",
    "p": "by F. Scott Fitzgerald",
    "small": "A classic novel set in the Jazz Age, exploring themes of wealth and illusion."
  },
  {
    "id": "3",
    "img": "https://m.media-amazon.com/images/I/41FkmzH7ZPL._AC_SF480,480_.jpg",
    "h5": "The Great Gatsby",
    "p": "by F. Scott Fitzgerald",
    "small": "A classic novel set in the Jazz Age, exploring themes of wealth and illusion."
  },
  {
    "id": "4",
    "img": "https://m.media-amazon.com/images/I/41FkmzH7ZPL._AC_SF480,480_.jpg",
    "h5": "The Great Gatsby",
    "p": "by F. Scott Fitzgerald",
    "small": "A classic novel set in the Jazz Age, exploring themes of wealth and illusion."
  },
  {
    "id": "5",
    "img": "https://m.media-amazon.com/images/I/41FkmzH7ZPL._AC_SF480,480_.jpg",
    "h5": "The Great Gatsby",
    "p": "by F. Scott Fitzgerald",
    "small": "A classic novel set in the Jazz Age, exploring themes of wealth and illusion."
  },
  {
    "id": "6",
    "img": "https://m.media-amazon.com/images/I/41FkmzH7ZPL._AC_SF480,480_.jpg",
    "h5": "The Great Gatsby",
    "p": "by F. Scott Fitzgerald",
    "small": "A classic novel set in the Jazz Age, exploring themes of wealth and illusion."
  },
  {
    "id": "7",
    "img": "https://m.media-amazon.com/images/I/41FkmzH7ZPL._AC_SF480,480_.jpg",
    "h5": "The Great Gatsby",
    "p": "by F. Scott Fitzgerald",
    "small": "A classic novel set in the Jazz Age, exploring themes of wealth and illusion."
  }
]
